dataproduct_type,calib_level,obs_collection,obs_id,target_name,s_ra,s_dec,t_min,t_max,t_exptime,wavelength_region,filters,em_min,em_max,target_classification,obs_title,t_obs_release,instrument_name,proposal_pi,proposal_id,proposal_type,project,sequence_number,provenance_name,s_region,jpegURL,dataURL,dataRights,mtFlag,srcDen,intentType,obsid,objID
spectrum,3,JWST,jw01214-o002_s03804_nirspec_f170lp-g235h,WIDE2024,150.0931333,2.381902778,60286.86696,60286.94876,1604.778,INFRARED,F170LP;G235H,1660,5000,,NIRSpec WIDE MOS Survey - COSMOS,60653.33959,NIRSPEC/MSA,"Luetzgendorf, Nora",1214,GTO,JWST,-999,CALJWST,POLYGON 150.111985078 2.405338244 150.112806855 2.405338244 150.112806855 2.405058202 150.111985078 2.405058202,mast:JWST/product/jw01214-o002_s03804_nirspec_f170lp-g235h_cal.jpg,mast:JWST/product/jw01214-o002_s03804_nirspec_f170lp-g235h_s2d.fits,EXCLUSIVE_ACCESS,False,NaN,science,198539629,563581743
spectrum,3,JWST,jw02738-c1004_s03561_niriss_f200w-gr150r,JWST-NEP-TDS-FIELD,260.6995667,65.82265,59996.32809,60094.48384,687.153,Infrared,GR150R;F200W,800,2300,Unidentified; Infrared sources; Radio sources; Variable radiation sources; Visible sources; X-ray sources,JWST Medium-Deep Fields -- Windhorst/Hammel GTO North Ecliptic Pole Fields,60462.03392,NIRISS/WFSS,"Windhorst, Rogier A.",2738,GTO,JWST,-999,CALJWST,POLYGON 260.74448006 65.80377953 260.65370412 65.80396258 260.65456027 65.84146562 260.74544824 65.84125147 260.74448006 65.80377953,mast:JWST/product/jw02738-c1004_s03561_niriss_f200w-gr150r_cal.jpg,mast:JWST/product/jw02738-c1004_s03561_niriss_f200w-gr150r_x1d.fits,PUBLIC,False,NaN,science,213008553,442773443
spectrum,3,JWST,jw01243-o012_s01487_nircam_f356w-grismr,J1030+0524,157.6128792,5.415305556,60094.9184,60097.70575,365.05,INFRARED,F356W;GRISMR,3140,3980,Galaxy; Quasars,Exploring the End of Cosmic Reionization,60467.29617,NIRCAM/GRISM,"Lilly, Simon J.",1243,GTO,JWST,-999,CALJWST,POLYGON 157.63112952 5.39713028 157.59464276 5.39732751 157.59506022 5.43327474 157.63069532 5.43333863 157.63112952 5.39713028,mast:JWST/product/jw01243-o012_s01487_nircam_f356w-grismr_cal.jpg,mast:JWST/product/jw01243-o012_s01487_nircam_f356w-grismr_x1d.fits,PUBLIC,False,NaN,science,214415822,564000900
image,2,JWST,jw01243002002_04101_00003_nrca2,J1148+5251,177.0691667,52.86388889,59939.36941,59939.37376,365.05,Infrared,F200W,1755,2226,Galaxy; Quasars,Exploring the End of Cosmic Reionization,60306.85937,NIRCAM/IMAGE,"Lilly, Simon J.",1243,GTO,JWST,-999,CALJWST,POLYGON 177.089678622 52.872630257 177.061017162 52.875714396 177.065915598 52.892861519 177.094575232 52.889970092,mast:JWST/product/jw01243002002_04101_00003_nrca2_cal.jpg,mast:JWST/product/jw01243002002_04101_00003_nrca2_cal.fits,PUBLIC,False,NaN,science,107457489,424124072
spectrum,3,JWST,jw01090-o001_s04949_niriss_f158m-gr150r,SMP-LMC-58,81.08652083,-70.08375556,59731.82432,59731.83238,107.368,INFRARED,GR150R;F158M,800,2200,Calibration; Planetary nebulae; Wavelength,NIRISS GR150C/R Wavelength Calibration,59774.85417,NIRISS/WFSS,"Martel, Andre",1090,COM,JWST,-999,CALJWST,POLYGON 81.14060943 -70.10261127 81.03129007 -70.10242759 81.03249775 -70.06492517 81.14159545 -70.06513874 81.14060943 -70.10261127,mast:JWST/product/jw01090-o001_s04949_niriss_f158m-gr150r_cal.jpg,mast:JWST/product/jw01090-o001_s04949_niriss_f158m-gr150r_x1d.fits,PUBLIC,False,NaN,science,217676960,563897490
image,-1,JWST,jw03293001003_xx115_00017_nircam,ACO-S-1063,342.1838775,-44.53263889,NaN,NaN,837.468,Infrared,F115W;F444W,1013,4986,,JWSTs GLIMPSE: gravitational lensing & NIRCam imaging to probe early galaxy formation and sources of reionization,NaN,NIRCAM/IMAGE,"Atek, Hakim",3293,GO,JWST,41,APT,POLYGON 342.1919517994 -44.55523576356 342.15036293608 -44.53300028145 342.18130228234 -44.50400732479 342.22213108725 -44.52545494725,,,PUBLIC,False,NaN,science,213502846,417638204
image,2,JWST,jw03990279001_06201_00003_nrca3,UNKNOWN,186.7456465,21.93424167,60467.95393,60467.96511,944.836,Infrared,F150W,1331,1668,,A NIRCam Pure-Parallel Imaging Survey of Galaxies Across the Universe,60471.50451,NIRCAM/IMAGE,"Morishita, Takahiro",3990,GO,JWST,-999,CALJWST,POLYGON 186.742358554 21.946616169 186.758822821 21.937175247 186.748943073 21.922054955 186.732430905 21.931231454,mast:JWST/product/jw03990279001_06201_00003_nrca3_cal.jpg,mast:JWST/product/jw03990279001_06201_00003_nrca3_cal.fits,PUBLIC,False,NaN,science,215754108,445061445
spectrum,3,JWST,jw01208-o047_s00246_nirspec_clear-prism,macs0416_clu_nirspec_targets_v1,64.04603458,-24.07728333,60178.58631,60178.73416,2844.834,Infrared,CLEAR;PRISM,600,5300,,CANUCS: The CAnadian NIRISS Unbiased Cluster Survey,60544.9884,NIRSPEC/MSA,"Willott, Chris J.",1208,GTO,JWST,-999,CALJWST,POLYGON 64.060944343 -24.118236447 64.061473141 -24.118236447 64.061473141 -24.118922806 64.060944343 -24.118922806,mast:JWST/product/jw01208-o047_s00246_nirspec_clear-prism_cal.jpg,mast:JWST/product/jw01208-o047_s00246_nirspec_clear-prism_s2d.fits,EXCLUSIVE_ACCESS,False,NaN,science,171441895,425418351
image,-1,JWST,jw06607049001_xx102_00002_miri,BD+60-1753,261.2178142,60.43076389,NaN,NaN,4.193,INFRARED,F770W,6600,8800,,CAL-XCAL-304: Absolute Flux Calibration (Repeatability),NaN,MIRI/IMAGE,"Gordon, Karl D.",6607,CAL,JWST,2,APT,POLYGON 261.22564792885 60.42594440208 261.20972588135 60.42658236653 261.21107693391 60.43437122169 261.22698479144 60.43373368029,,,PUBLIC,False,NaN,science,213018989,496701675
spectrum,-1,JWST,jw04532003001_xx103_00003_nirspec,SBS-0335-052-NIRSPEC,54.43325,-5.044083333,NaN,NaN,248.011,INFRARED,F100LP;G140H,810,5000,,Spectroscopy of SBS0335-052,NaN,NIRSPEC/IFU,"Oestlin, Goeran",4532,GTO,JWST,3,APT,POLYGON 54.43324716773 -5.04475097337 54.43266143032 -5.04408031218 54.43330611888 -5.04350788131 54.43389189114 -5.04417832775,,,PUBLIC,False,NaN,science,150334757,455335129
cube,3,JWST,jw02151-c1007_t006_miri_ch1-shortmediumlong,SER-EMB-7,277.2252667,0.491469444,60071.49594,60071.70178,6498.06,INFRARED,CH1,4900,7650,ISM; Protostars,Blazing the trail of COMs from ice to gas,60437.98892,MIRI/IFU,"Yang, Yao-Lun",2151,GO,JWST,-999,CALJWST,POLYGON 277.224431508 0.490758818 277.224431508 0.492203262 277.22609268 0.492203262 277.22609268 0.490758818,mast:JWST/product/jw02151-c1007_t006_miri_ch1-shortmediumlong_s3d.jpg,mast:JWST/product/jw02151-c1007_t006_miri_ch1-shortmediumlong_s3d.fits,PUBLIC,False,NaN,science,135731272,540912963
spectrum,3,JWST,jw02282-o021_s30681_nirspec_clear-prism,WHL0137-MSA,24.34723333,-8.444561111,59939.52315,59939.60045,3720.168,INFRARED,CLEAR;PRISM,600,5300,,A Strongly Magnified Individual Star and Parsec-Scale Clusters Observed in the First Billion Years at z = 6,59940.30355,NIRSPEC/MSA,"Coe, Dan",2282,GO,JWST,-999,CALJWST,POLYGON 24.361505022 -8.427543631 24.361588538 -8.427543631 24.361588538 -8.427814012 24.361505022 -8.427814012,mast:JWST/product/jw02282-o021_s30681_nirspec_clear-prism_cal.jpg,mast:JWST/product/jw02282-o021_s30681_nirspec_clear-prism_s2d.fits,PUBLIC,False,NaN,science,107458208,446744864
spectrum,3,JWST,jw01208-o008_s00115_niriss_f200w-gr150c,MACSJ1149+2223,177.399375,22.39827222,60076.78918,60076.85985,901.889,INFRARED,GR150C;F200W,800,2300,Clusters of Galaxies; Rich clusters,CANUCS: The CAnadian NIRISS Unbiased Cluster Survey,60443.78737,NIRISS/WFSS,"Willott, Chris J.",1208,GTO,JWST,-999,CALJWST,POLYGON 177.41928272 22.37940712 177.37904669 22.3795904 177.37944986 22.41709322 177.41968773 22.41687929 177.41928272 22.37940712,mast:JWST/product/jw01208-o008_s00115_niriss_f200w-gr150c_cal.jpg,mast:JWST/product/jw01208-o008_s00115_niriss_f200w-gr150c_x1d.fits,PUBLIC,False,NaN,science,214420642,563625639
image,-1,JWST,jw05594025001_xx106_00006_nircam,A611,120.236625,36.05664444,NaN,NaN,203.999,Infrared,F150W2;F322W2,1008,4013,,JWST Cluster SLICE - Strong LensIng and Cluster Evolution,NaN,NIRCAM/IMAGE,"Mahler, Guillaume",5594,SURVEY,JWST,6,APT,POLYGON 120.25683409785 36.03860714735 120.21101132209 36.03884345825 120.21159305292 36.07527196207 120.25633312182 36.07534179225,,,PUBLIC,False,NaN,science,213022692,421626750
spectrum,3,JWST,jw02078-o017_s00527_nircam_f356w-grismr,J1058P2930,164.5321667,29.51158333,60061.18452,60061.22242,472.418,INFRARED,F356W;GRISMR,3140,3980,Galaxy; High-redshift galaxies; Quasars,A SPectroscopic survey of biased halos In the Reionization Era (ASPIRE): A JWST Quasar Legacy Survey,60428.08999,NIRCAM/GRISM,"Wang, Feige",2078,GO,JWST,-999,CALJWST,POLYGON 164.55302209 29.49364837 164.51135278 29.49342338 164.51177632 29.52957344 164.55247719 29.52952623 164.55302209 29.49364837,mast:JWST/product/jw02078-o017_s00527_nircam_f356w-grismr_cal.jpg,mast:JWST/product/jw02078-o017_s00527_nircam_f356w-grismr_x1d.fits,PUBLIC,False,NaN,science,213012838,563997873
image,-1,JWST,jw04793004001_xx10o_00008_nircam,NGC-1637,70.36746958,-2.857963889,NaN,NaN,203.999,Infrared,F212N;F360M,2109,3814,,Unveiling the physics that govern massive star-formation in extragalactic Central Molecular Zones (eCMZs),NaN,NIRCAM/IMAGE,"Schinnerer, Eva",4793,GO,JWST,24,APT,POLYGON 70.38709821094 -2.87274287306 70.3499984064 -2.87250556837 70.35047931493 -2.83607719531 70.38668454005 -2.83600831896,,,PUBLIC,False,NaN,science,212591368,393348994
image,2,JWST,jw02211006001_04201_00001_nrcb2,UNKNOWN,246.6919472,-24.704163,60183.83758,60183.83857,75.157,Infrared,F200W,1755,2226,,A pure parallel survey of water in the asteroid belt,60183.94515,NIRCAM/IMAGE,"Trilling, David E.",2211,GO,JWST,-999,CALJWST,POLYGON 246.683915792 -24.693863046 246.703200251 -24.696946996 246.700020098 -24.714292861 246.68064478 -24.711444133,mast:JWST/product/jw02211006001_04201_00001_nrcb2_cal.jpg,mast:JWST/product/jw02211006001_04201_00001_nrcb2_cal.fits,PUBLIC,False,NaN,science,172147445,404775419
spectrum,3,JWST,jw01243-o002_s04628_nircam_f356w-grismr,J1148+5251,177.0691667,52.86388889,59939.13078,59941.50472,365.05,INFRARED,F356W;GRISMR,3140,3980,Galaxy; Quasars,Exploring the End of Cosmic Reionization,60307.14752,NIRCAM/GRISM,"Lilly, Simon J.",1243,GTO,JWST,-999,CALJWST,POLYGON 177.09925035 52.84571009 177.03910585 52.84590732 177.03977139 52.8818547 177.09855738 52.88191859 177.09925035 52.84571009,mast:JWST/product/jw01243-o002_s04628_nircam_f356w-grismr_cal.jpg,mast:JWST/product/jw01243-o002_s04628_nircam_f356w-grismr_x1d.fits,PUBLIC,False,NaN,science,214416328,563918043
image,2,JWST,jw03990100001_02201_00010_nrcalong,UNKNOWN,70.39948583,-46.03577047,60348.27775,60348.29241,1245.465,Infrared,F410M,3864,4301,,A NIRCam Pure-Parallel Imaging Survey of Galaxies Across the Universe,60348.55918,NIRCAM/IMAGE,"Morishita, Takahiro",3990,GO,JWST,-999,CALJWST,POLYGON 70.364838835 -46.0268962 70.412337977 -46.012136079 70.433638301 -46.044301103 70.386979244 -46.059734385,mast:JWST/product/jw03990100001_02201_00010_nrcalong_cal.jpg,mast:JWST/product/jw03990100001_02201_00010_nrcalong_cal.fits,PUBLIC,False,NaN,science,210677135,407291695
spectrum,3,JWST,jw01181-o010_s00619_nirspec_f290lp-g395h,21_3_23_mediumjwst_trim_ta5,189.2135646,62.21797222,60064.77999,60065.29452,9190.998,Infrared,F290LP;G395H,2870,5140,,NIRCam-NIRSpec galaxy assembly survey - GOODS-N,60431.92575,NIRSPEC/MSA,"Eisenstein, Daniel J.",1181,GTO,JWST,-999,CALJWST,POLYGON 189.156622354 62.221700434 189.158372389 62.221700434 189.158372389 62.221423618 189.156622354 62.221423618,mast:JWST/product/jw01181-o010_s00619_nirspec_f290lp-g395h_cal.jpg,mast:JWST/product/jw01181-o010_s00619_nirspec_f290lp-g395h_s2d.fits,PUBLIC,False,NaN,science,131802350,427757754
spectrum,3,JWST,jw01208-o006_s00486_niriss_f200w-gr150c,MACSJ0417.5-1154,64.39645208,-11.91067778,59865.85976,59865.93041,901.889,INFRARED,GR150C;F200W,800,2300,Clusters of Galaxies; Rich clusters,CANUCS: The CAnadian NIRISS Unbiased Cluster Survey,60231.07782,NIRISS/WFSS,"Willott, Chris J.",1208,GTO,JWST,-999,CALJWST,POLYGON 64.41526676 -11.92954104 64.37723994 -11.92935768 64.37762866 -11.89185493 64.41564172 -11.8920688 64.41526676 -11.92954104,mast:JWST/product/jw01208-o006_s00486_niriss_f200w-gr150c_cal.jpg,mast:JWST/product/jw01208-o006_s00486_niriss_f200w-gr150c_x1d.fits,PUBLIC,False,NaN,science,214439416,563863747
image,3,JWST,jw03445-o007_t007_miri_f560w,SQ-MRS-SKY-BACKGROUND,338.9659583,33.96733333,60255.64435,60255.68472,3153.468,INFRARED,F560W,5000,6200,Galaxy; Galaxy halos; Interacting galaxies,Shaken and Stirred:  Shocks and Turbulence in the Stephans Quintet Warm Molecular Filament,60622.05337,MIRI/IMAGE,"Appleton, Philip N.",3445,GO,JWST,-999,CALJWST,POLYGON 338.929648588 33.965393586 338.967682883 33.962575701 338.96426637 33.930908213 338.926246112 33.93372505,mast:JWST/product/jw03445-o007_t007_miri_f560w_i2d.jpg,mast:JWST/product/jw03445-o007_t007_miri_f560w_i2d.fits,EXCLUSIVE_ACCESS,False,NaN,science,191031208,553998852
spectrum,3,JWST,jw01213-o004_s02632_nirspec_clear-prism,P2020,214.8860754,52.84597222,60012.20388,60012.26052,2407.167,INFRARED,CLEAR;PRISM,600,5300,,NIRSpec WIDE MOS Survey - AEGIS,60378.63219,NIRSPEC/MSA,"Luetzgendorf, Nora",1213,GTO,JWST,-999,CALJWST,POLYGON 214.840158078 52.825379103 214.840560595 52.825379103 214.840560595 52.824569465 214.840158078 52.824569465,mast:JWST/product/jw01213-o004_s02632_nirspec_clear-prism_cal.jpg,mast:JWST/product/jw01213-o004_s02632_nirspec_clear-prism_s2d.fits,PUBLIC,False,NaN,science,128214445,563222134
spectrum,3,JWST,jw01895-o001_s04802_nircam_f444w-grismr,GOODS-S-CENTER,53.1274125,-27.8012,59896.33988,59901.93341,880.415,INFRARED,F444W;GRISMR,3880,4986,Unidentified; Blank field,FRESCO: The First Reionization Epoch Spectroscopic COmplete Survey,60055.22953,NIRCAM/GRISM,"Oesch, Pascal",1895,GO,JWST,-999,CALJWST,POLYGON 53.14795633 -27.81937348 53.10688441 -27.81917626 53.10736216 -27.78322911 53.14745969 -27.78316522 53.14795633 -27.81937348,mast:JWST/product/jw01895-o001_s04802_nircam_f444w-grismr_cal.jpg,mast:JWST/product/jw01895-o001_s04802_nircam_f444w-grismr_x1d.fits,PUBLIC,False,NaN,science,213021200,563908578
image,2,JWST,jw04471001001_10201_00002_guider2,LMC-NIRISS-FGS-ALIGNMENT,80.4887625,-69.49941667,60162.1549,60162.16012,386.524,INFRARED,OPEN,600,5000,Calibration; Astrometric,NIRISS Astrometric Calibration,60163.63932,FGS/FGS2,"Sohn, Sangmo Tony",4471,CAL,JWST,-999,CALJWST,POLYGON 80.415617334 -69.433506239 80.3249283 -69.458481106 80.256302304 -69.427677539 80.346941209 -69.402738406,mast:JWST/product/jw04471001001_10201_00002_guider2_cal.jpg,mast:JWST/product/jw04471001001_10201_00002_guider2_cal.fits,PUBLIC,False,NaN,science,163088947,511015258
spectrum,3,JWST,jw04092-o002_s02027_nircam_f335m-grismr,SDSSJ1306+0356,196.5344125,3.940608333,60475.45898,60477.48814,526.102,INFRARED,F335M;GRISMR,3177,3538,Galaxy; Quasars,How Does Reionization End? A Search for [O III] Emitters in the Most Transparent Regions of the IGM Near Redshift Six,60842.64137,NIRCAM/GRISM,"Becker, George D",4092,GO,JWST,-999,CALJWST,POLYGON 196.5526079 3.9226748 196.5162533 3.9224498 196.51662841 3.95859981 196.55212698 3.95855259 196.5526079 3.9226748,mast:JWST/product/jw04092-o002_s02027_nircam_f335m-grismr_cal.jpg,mast:JWST/product/jw04092-o002_s02027_nircam_f335m-grismr_x1d.fits,EXCLUSIVE_ACCESS,False,NaN,science,216509864,450360598
image,2,JWST,jw03990294001_15201_00001_nrcb4,UNKNOWN,345.9510262,-62.8671015,60510.84862,60510.84986,96.631,INFRARED,F115W,1013,1282,,A NIRCam Pure-Parallel Imaging Survey of Galaxies Across the Universe,60511.10066,NIRCAM/IMAGE,"Morishita, Takahiro",3990,GO,JWST,-999,CALJWST,POLYGON 345.958436299 -62.879257235 345.924468437 -62.870408078 345.943506246 -62.8550303 345.977909258 -62.863704617,mast:JWST/product/jw03990294001_15201_00001_nrcb4_cal.jpg,mast:JWST/product/jw03990294001_15201_00001_nrcb4_cal.fits,PUBLIC,False,NaN,science,221760109,563402695
spectrum,3,JWST,jw01187-o012_s03427_nircam_f277w-grismc,LDN-663,294.25,7.568611111,60050.78849,60050.8643,150.315,Infrared,F277W;GRISMC,2416,3127,ISM; Dark interstellar clouds; Dense interstellar clouds,Extinction Mapping of Pre-stellar Cores,60418.10418,NIRCAM/GRISM,"Hodapp, Klaus Werner",1187,GTO,JWST,-999,CALJWST,POLYGON 294.26832836 7.55043573 294.23168564 7.55063295 294.23210446 7.58658019 294.26789274 7.58664408 294.26832836 7.55043573,mast:JWST/product/jw01187-o012_s03427_nircam_f277w-grismc_cal.jpg,mast:JWST/product/jw01187-o012_s03427_nircam_f277w-grismc_x1d.fits,PUBLIC,False,NaN,science,138164918,413432191
spectrum,3,JWST,jw01433-o023_s01734_nirspec_clear-prism,MACS0647-MSA-OBS23,101.9600029,70.24392222,59995.77833,59995.88298,6564.999,Infrared,CLEAR;PRISM,600,5300,,Physical Properties of the Triply-Lensed z = 11 Galaxy,59996.15567,NIRSPEC/MSA,"Coe, Dan",1433,GO,JWST,-999,CALJWST,POLYGON 101.879127488 70.210163519 101.881213175 70.210163519 101.881213175 70.210012097 101.879127488 70.210012097,mast:JWST/product/jw01433-o023_s01734_nirspec_clear-prism_cal.jpg,mast:JWST/product/jw01433-o023_s01734_nirspec_clear-prism_s2d.fits,PUBLIC,False,NaN,science,117933988,305375720
spectrum,3,JWST,jw02078-o002_s00394_nircam_f356w-grismr,J0218P0007,34.696,0.120888889,59801.46976,59801.50779,472.418,INFRARED,F356W;GRISMR,3140,3980,Galaxy; High-redshift galaxies; Quasars,A SPectroscopic survey of biased halos In the Reionization Era (ASPIRE): A JWST Quasar Legacy Survey,60167.07902,NIRCAM/GRISM,"Wang, Feige",2078,GO,JWST,-999,CALJWST,POLYGON 34.71415281 0.10295555 34.67788331 0.10273055 34.67825828 0.13888055 34.71367227 0.13883333 34.71415281 0.10295555,mast:JWST/product/jw02078-o002_s00394_nircam_f356w-grismr_cal.jpg,mast:JWST/product/jw02078-o002_s00394_nircam_f356w-grismr_x1d.fits,PUBLIC,False,NaN,science,213015049,564003204
image,2,JWST,jw02514137001_04201_00001_nrca4,UNKNOWN,24.46479103,-21.8768402,60266.27682,60266.29782,1803.777,Infrared,F115W,1013,1282,,PANORAMIC -- A Pure Parallel Wide Area Legacy Imaging Survey at 1-5 Micron,60266.44164,NIRCAM/IMAGE,"Williams, Christina C",2514,GO,JWST,-999,CALJWST,POLYGON 24.45134447 -21.877690908 24.463922698 -21.86442562 24.478102228 -21.875926742 24.465745739 -21.889246004,mast:JWST/product/jw02514137001_04201_00001_nrca4_cal.jpg,mast:JWST/product/jw02514137001_04201_00001_nrca4_cal.fits,PUBLIC,False,NaN,science,192285211,422046912
spectrum,3,JWST,jw01090-o001_s09327_niriss_f158m-gr150c,SMP-LMC-58,81.08652083,-70.08375556,59731.80908,59731.81713,107.368,INFRARED,GR150C;F158M,800,2200,Calibration; Planetary nebulae; Wavelength,NIRISS GR150C/R Wavelength Calibration,59774.85417,NIRISS/WFSS,"Martel, Andre",1090,COM,JWST,-999,CALJWST,POLYGON 81.14060943 -70.10261127 81.03129007 -70.10242759 81.03249775 -70.06492517 81.14159545 -70.06513874 81.14060943 -70.10261127,mast:JWST/product/jw01090-o001_s09327_niriss_f158m-gr150c_cal.jpg,mast:JWST/product/jw01090-o001_s09327_niriss_f158m-gr150c_x1d.fits,PUBLIC,False,NaN,science,217676528,563887370
spectrum,3,JWST,jw03325-o012_s04875_nirspec_f290lp-g395m,J0226-MSA-Targets,36.50663333,3.052297222,60304.31904,60334.25713,3501.333,INFRARED,F290LP;G395M,2870,5100,,Mapping the Most Extreme Protoclusters in the Epoch of Reionization,60753.46782,NIRSPEC/MSA,"Wang, Feige",3325,GO,JWST,-999,CALJWST,POLYGON 36.51735118 3.0484064 36.517714963 3.0484064 36.517714963 3.047645864 36.51735118 3.047645864,mast:JWST/product/jw03325-o012_s04875_nirspec_f290lp-g395m_cal.jpg,mast:JWST/product/jw03325-o012_s04875_nirspec_f290lp-g395m_s2d.fits,EXCLUSIVE_ACCESS,False,NaN,science,212761795,454725459
spectrum,3,JWST,jw01671-o001_s37234_nirspec_f170lp-g235m,MUSE-DR2-MXDF-V2,53.15322583,-27.78709444,59833.66721,59834.17759,39390.003,INFRARED,F170LP;G235M,1660,5000,,Emission line galaxies beyond the limits of the Hubble UDF: Physical conditions in ultra-faint star forming galaxies,60200.05575,NIRSPEC/MSA,"Maseda, Michael",1671,GO,JWST,-999,CALJWST,POLYGON 53.168192949 -27.736964713 53.169113431 -27.736964713 53.169113431 -27.737540347 53.168192949 -27.737540347,mast:JWST/product/jw01671-o001_s37234_nirspec_f170lp-g235m_cal.jpg,mast:JWST/product/jw01671-o001_s37234_nirspec_f170lp-g235m_s2d.fits,PUBLIC,False,NaN,science,93541683,564018752
spectrum,3,JWST,jw01208-c1009_s01078_niriss_f115w-gr150c,MACSJ0416.1-2403,64.03904167,-24.07236111,59952.07931,59956.02278,1202.518,INFRARED,GR150C;F115W,800,2200,Clusters of Galaxies; Rich clusters,CANUCS: The CAnadian NIRISS Unbiased Cluster Survey,60321.71436,NIRISS/WFSS,"Willott, Chris J.",1208,GTO,JWST,-999,CALJWST,POLYGON 64.05920641 -24.09122368 64.01845095 -24.09104029 64.01887068 -24.05353757 64.0596051 -24.0537514 64.05920641 -24.09122368,mast:JWST/product/jw01208-c1009_s01078_niriss_f115w-gr150c_cal.jpg,mast:JWST/product/jw01208-c1009_s01078_niriss_f115w-gr150c_x1d.fits,PUBLIC,False,NaN,science,214438804,563833461
spectrum,3,JWST,jw02565-o100_s07985_nirspec_clear-prism,UDS-THREEDHST-FINAL-V7-OBS100,34.30813833,-5.248366667,59792.85574,59792.91269,1969.5,Infrared,CLEAR;PRISM,600,5300,,HOW MANY QUIESCENT GALAXIES ARE THERE AT 3<z<4 REALLY?,60158.35712,NIRSPEC/MSA,"Glazebrook, Karl",2565,GO,JWST,-999,CALJWST,POLYGON 34.291151619 -5.248852276 34.291962151 -5.248852276 34.291962151 -5.250025447 34.291151619 -5.250025447,mast:JWST/product/jw02565-o100_s07985_nirspec_clear-prism_cal.jpg,mast:JWST/product/jw02565-o100_s07985_nirspec_clear-prism_s2d.fits,PUBLIC,False,NaN,science,87829169,443034861
spectrum,3,JWST,jw01208-o021_s00131_niriss_f115w-gr150r,ABELL370,39.97535417,-1.576044444,59930.52171,59930.58055,1202.518,INFRARED,GR150R;F115W,800,2200,Clusters of Galaxies; Abell clusters; Rich clusters,CANUCS: The CAnadian NIRISS Unbiased Cluster Survey,60297.09157,NIRISS/WFSS,"Willott, Chris J.",1208,GTO,JWST,-999,CALJWST,POLYGON 39.99376963 -1.59490825 39.95654966 -1.59472491 39.95692792 -1.55722214 39.99413888 -1.55743603 39.99376963 -1.59490825,mast:JWST/product/jw01208-o021_s00131_niriss_f115w-gr150r_cal.jpg,mast:JWST/product/jw01208-o021_s00131_niriss_f115w-gr150r_x1d.fits,PUBLIC,False,NaN,science,214433131,563800721
spectrum,3,JWST,jw01187-c1008_s14450_nircam_f277w-grismc,LDN-57,260.6666667,-23.82222222,59791.50472,59791.79755,150.315,Infrared,F277W;GRISMC,2416,3127,ISM; Dark interstellar clouds; Dense interstellar clouds,Extinction Mapping of Pre-stellar Cores,60157.38545,NIRCAM/GRISM,"Hodapp, Klaus Werner",1187,GTO,JWST,-999,CALJWST,POLYGON 260.68651278 -23.84015428 260.64686 -23.84037929 260.64727538 -23.80422934 260.68598206 -23.80427658 260.68651278 -23.84015428,mast:JWST/product/jw01187-c1008_s14450_nircam_f277w-grismc_cal.jpg,mast:JWST/product/jw01187-c1008_s14450_nircam_f277w-grismc_x1d.fits,PUBLIC,False,NaN,science,178412325,318977502
spectrum,3,JWST,jw01180-o026_s00018_nirspec_f070lp-g140m,GS-MEDIUM-HST,53.15372125,-27.78036944,59859.86436,59860.16204,3063.666,Infrared,F070LP;G140M,700,5000,,NIRCam-NIRSpec galaxy assembly survey - GOODS-S - part #1athen,60225.3958,NIRSPEC/MSA,"Eisenstein, Daniel J.",1180,GTO,JWST,-999,CALJWST,POLYGON 53.077271753 -27.730261385 53.078222558 -27.730261385 53.078222558 -27.730316008 53.077271753 -27.730316008,mast:JWST/product/jw01180-o026_s00018_nirspec_f070lp-g140m_cal.jpg,mast:JWST/product/jw01180-o026_s00018_nirspec_f070lp-g140m_s2d.fits,PUBLIC,False,NaN,science,182486529,427850825
spectrum,3,JWST,jw01473-o016_s00209_nirspec_clear-prism,LMC-ASTROMETRIC-FIELD,80.4887625,-69.49941667,59692.4517,59692.47112,1313.001,INFRARED,CLEAR;PRISM,600,5300,Calibration; Astrometric,OTE-28.3: PSF check 3,60039.6899,NIRSPEC/MSA,"Perrin, Marshall",1473,COM,JWST,-999,CALJWST,POLYGON 80.341473065 -69.602433853 80.343912825 -69.602433853 80.343912825 -69.602456118 80.341473065 -69.602456118,mast:JWST/product/jw01473-o016_s00209_nirspec_clear-prism_cal.jpg,mast:JWST/product/jw01473-o016_s00209_nirspec_clear-prism_s2d.fits,PUBLIC,False,NaN,science,97286814,522871342
image,2,JWST,jw03990373001_14201_00004_nrca1,UNKNOWN,202.2315205,47.1284872,60461.29329,60461.29453,96.631,Infrared,F150W,1331,1668,,A NIRCam Pure-Parallel Imaging Survey of Galaxies Across the Universe,60468.56829,NIRCAM/IMAGE,"Morishita, Takahiro",3990,GO,JWST,-999,CALJWST,POLYGON 202.232879222 47.141077535 202.2498651 47.127470884 202.230227283 47.116015182 202.213006376 47.129426566,mast:JWST/product/jw03990373001_14201_00004_nrca1_cal.jpg,mast:JWST/product/jw03990373001_14201_00004_nrca1_cal.fits,PUBLIC,False,NaN,science,215481498,443274181
spectrum,3,JWST,jw04358-o001_s01514_nircam_f444w-grismr,TOP-CLOUD-EDGE-CO-FILTER-R,166.6751579,-77.34544722,60417.81957,60417.93313,257.682,Infrared,F444W;GRISMR,3880,4986,ISM; Interstellar clouds; Molecular clouds,iCe astrocHemistry at the EdgE of a staR-formIng clOud (CHEERIO): Cha I,60783.37204,NIRCAM/GRISM,"Smith, Zak Luka",4358,GO,JWST,-999,CALJWST,POLYGON 166.7582133 -77.36360937 166.59216729 -77.36341217 166.59429817 -77.32746557 166.7560046 -77.32740168 166.7582133 -77.36360937,mast:JWST/product/jw04358-o001_s01514_nircam_f444w-grismr_cal.jpg,mast:JWST/product/jw04358-o001_s01514_nircam_f444w-grismr_x1d.fits,EXCLUSIVE_ACCESS,False,NaN,science,213419222,414272610
spectrum,3,JWST,jw01211-o014_s07455_nirspec_f170lp-g235h,GOODSN2002,189.162885,62.14530833,60028.26288,60028.34226,1604.778,INFRARED,F170LP;G235H,1660,5000,,NIRSpec WIDE MOS Survey - GOODS-N,60395.27955,NIRSPEC/MSA,"Isaak, Kate",1211,GTO,JWST,-999,CALJWST,POLYGON 189.213151103 62.128121635 189.214239072 62.128121635 189.214239072 62.127453709 189.213151103 62.127453709,mast:JWST/product/jw01211-o014_s07455_nirspec_f170lp-g235h_cal.jpg,mast:JWST/product/jw01211-o014_s07455_nirspec_f170lp-g235h_s2d.fits,PUBLIC,False,NaN,science,213502593,563217778
spectrum,3,JWST,jw02738-c1004_s03502_niriss_f200w-gr150c,JWST-NEP-TDS-FIELD,260.6995667,65.82265,59996.23422,60094.38991,687.153,Infrared,GR150C;F200W,800,2300,Unidentified; Infrared sources; Radio sources; Variable radiation sources; Visible sources; X-ray sources,JWST Medium-Deep Fields -- Windhorst/Hammel GTO North Ecliptic Pole Fields,60461.67179,NIRISS/WFSS,"Windhorst, Rogier A.",2738,GTO,JWST,-999,CALJWST,POLYGON 260.74448006 65.80377953 260.65370412 65.80396258 260.65456027 65.84146562 260.74544824 65.84125147 260.74448006 65.80377953,mast:JWST/product/jw02738-c1004_s03502_niriss_f200w-gr150c_cal.jpg,mast:JWST/product/jw02738-c1004_s03502_niriss_f200w-gr150c_x1d.fits,PUBLIC,False,NaN,science,213006396,442774825
spectrum,3,JWST,jw03362-o011_s00665_niriss_f090w-gr150c,MACSJ1149+2223,177.399375,22.39827222,60438.68268,60439.05604,1116.624,Infrared,GR150C;F090W,600,2200,Clusters of Galaxies; Rich clusters,JWST in Technicolor: Finding and Mapping the Most Extreme Star Forming Galaxies in the Epoch of Reionization with Medium and Narrow Bands,60439.68479,NIRISS/WFSS,"Muzzin, Adam",3362,GO,JWST,-999,CALJWST,POLYGON 177.41928272 22.37940712 177.37904669 22.3795904 177.37944986 22.41709322 177.41968773 22.41687929 177.41928272 22.37940712,mast:JWST/product/jw03362-o011_s00665_niriss_f090w-gr150c_cal.jpg,mast:JWST/product/jw03362-o011_s00665_niriss_f090w-gr150c_x1d.fits,PUBLIC,False,NaN,science,214604390,427432655
spectrum,-1,JWST,jw05073001001_xx12w_00004_nirspec,Uranus,359.9999771,0.000208178,NaN,NaN,291.778,INFRARED,F290LP;G395H,2870,5140,,What drives the aurora of Uranus?,NaN,NIRSPEC/IFU,"Melin, Henrik",5073,GO,JWST,104,APT,POLYGON 359.99994770849 -0.00041342477 359.99936423943 0.00025723615 6.43138e-06 0.00082966728 0.00058993501 0.00015922053,,,PUBLIC,True,NaN,science,217678047,504060027
image,2,JWST,jw01537026001_0410b_00001_nrca2,G191-B2B-OFFSET,76.3777076,52.83188838,59830.57055,59830.57118,50.23,INFRARED,F200W;MASKRND,1755,2226,Star; White dwarfs,Absolute Flux Calibration (White Dwarfs),59830.62926,NIRCAM/CORON,"Gordon, Karl D.",1537,CAL,JWST,-999,CALJWST,POLYGON 76.382796916 52.829355518 76.373739762 52.829026452 76.373118242 52.834439826 76.382175744 52.834780673,mast:JWST/product/jw01537026001_0410b_00001_nrca2_trapsfilled.jpg,mast:JWST/product/jw01537026001_0410b_00001_nrca2_rateints.fits,PUBLIC,False,NaN,science,91536463,449561080
spectrum,3,JWST,jw01208-c1016_s00126_niriss_f115w-gr150r,MACSJ1423.8+2404,215.9490833,24.0777,60001.52633,60004.09433,1202.518,Infrared,GR150R;F115W,800,2200,,CANUCS: The CAnadian NIRISS Unbiased Cluster Survey,60367.14832,NIRISS/WFSS,"Willott, Chris J.",1208,GTO,JWST,-999,CALJWST,POLYGON 215.96924299 24.05883479 215.92849776 24.05901807 215.92890558 24.0965209 215.96965359 24.09630696 215.96924299 24.05883479,mast:JWST/product/jw01208-c1016_s00126_niriss_f115w-gr150r_cal.jpg,mast:JWST/product/jw01208-c1016_s00126_niriss_f115w-gr150r_x1d.fits,PUBLIC,False,NaN,science,127232949,411084657
spectrum,3,JWST,jw06585-o004_s11794_nirspec_clear-prism,v5_withfillers_withrefstars,150.1253671,2.362419444,60428.98944,60429.23482,5908.5,Infrared,CLEAR;PRISM,600,5300,,The High-z Menagerie: A Rare Chance to Study the Early and Exotic Transient Universe,60429.38758,NIRSPEC/MSA,"Coulter, David",6585,DD,JWST,-999,CALJWST,POLYGON 150.139406255 2.398907081 150.140178667 2.398907081 150.140178667 2.398578252 150.139406255 2.398578252,mast:JWST/product/jw06585-o004_s11794_nirspec_clear-prism_cal.jpg,mast:JWST/product/jw06585-o004_s11794_nirspec_clear-prism_s2d.fits,PUBLIC,False,NaN,science,213963974,422119253
spectrum,3,JWST,jw01076-o103_s00864_nircam_f322w2-grismr,P330-E,247.8908408,30.14605556,59674.4922,59674.4958,107.368,INFRARED,F322W2;GRISMR,2430,4013,Calibration; Spectrophotometric,NIRCam LW Grism Baseline Characterization (CAR NIRCam-032),59774.85417,NIRCAM/GRISM,"Pirzkal, Norbert",1076,COM,JWST,-999,CALJWST,POLYGON 247.91184822 30.12787888 247.86984946 30.12807611 247.87032374 30.1640234 247.91135473 30.16408729 247.91184822 30.12787888,mast:JWST/product/jw01076-o103_s00864_nircam_f322w2-grismr_cal.jpg,mast:JWST/product/jw01076-o103_s00864_nircam_f322w2-grismr_x1d.fits,PUBLIC,False,NaN,science,213095045,564009283
image,3,JWST,jw01536-o060_t013_nircam_f150w2-f162m-sub160,J1802271,270.6132376,60.72653838,59768.9,59768.92876,8.92,INFRARED,F150W2;F162M,1008,2334,Star; A dwarfs,Absolute Flux Calibration (A Dwarfs),59774.54167,NIRCAM/IMAGE,"Gordon, Karl D.",1536,CAL,JWST,-999,CALJWST,POLYGON 270.617847922 60.730150754 270.621006057 60.724681363 270.608535958 60.722959162 270.605375868 60.728428261,mast:JWST/product/jw01536-o060_t013_nircam_f150w2-f162m-sub160_i2d.jpg,mast:JWST/product/jw01536-o060_t013_nircam_f150w2-f162m-sub160_i2d.fits,PUBLIC,False,NaN,science,87625440,449486499
spectrum,3,JWST,jw02738-o004_s02220_niriss_f200w-gr150r,JWST-NEP-TDS-FIELD,260.6995667,65.82265,59996.32809,59996.55802,687.153,Infrared,GR150R;F200W,800,2300,Unidentified; Infrared sources; Radio sources; Variable radiation sources; Visible sources; X-ray sources,JWST Medium-Deep Fields -- Windhorst/Hammel GTO North Ecliptic Pole Fields,60361.79329,NIRISS/WFSS,"Windhorst, Rogier A.",2738,GTO,JWST,-999,CALJWST,POLYGON 260.74448006 65.80377953 260.65370412 65.80396258 260.65456027 65.84146562 260.74544824 65.84125147 260.74448006 65.80377953,mast:JWST/product/jw02738-o004_s02220_niriss_f200w-gr150r_cal.jpg,mast:JWST/product/jw02738-o004_s02220_niriss_f200w-gr150r_x1d.fits,PUBLIC,False,NaN,science,213016250,442773662
spectrum,3,JWST,jw02738-c1003_s02859_niriss_f200w-gr150r,JWST-NEP-TDS-FIELD,260.6995667,65.82265,59909.38902,60094.48384,687.153,Infrared,GR150R;F200W,800,2300,Unidentified; Infrared sources; Radio sources; Variable radiation sources; Visible sources; X-ray sources,JWST Medium-Deep Fields -- Windhorst/Hammel GTO North Ecliptic Pole Fields,60462.03392,NIRISS/WFSS,"Windhorst, Rogier A.",2738,GTO,JWST,-999,CALJWST,POLYGON 260.74448006 65.80377953 260.65370412 65.80396258 260.65456027 65.84146562 260.74544824 65.84125147 260.74448006 65.80377953,mast:JWST/product/jw02738-c1003_s02859_niriss_f200w-gr150r_cal.jpg,mast:JWST/product/jw02738-c1003_s02859_niriss_f200w-gr150r_x1d.fits,PUBLIC,False,NaN,science,213006824,442911358
spectrum,3,JWST,jw04291-o006_s00662_nirspec_f170lp-g235h,Obs6_4291_40,214.9215429,52.91308333,60400.00216,60400.3845,1896.556,INFRARED,F170LP;G235H,1660,5000,,Galaxy angular momentum alignment with filaments at z ~ 3: The effect of large scale structure on galaxies,60400.43941,NIRSPEC/MSA,"Kassin, Susan",4291,GO,JWST,-999,CALJWST,POLYGON 214.949157686 52.904936777 214.949496925 52.904936777 214.949496925 52.90409896 214.949157686 52.90409896,mast:JWST/product/jw04291-o006_s00662_nirspec_f170lp-g235h_cal.jpg,mast:JWST/product/jw04291-o006_s00662_nirspec_f170lp-g235h_s2d.fits,PUBLIC,False,NaN,science,213030044,449883539
spectrum,3,JWST,jw01324-c1000_s00550_niriss_f115w-gr150c,ABELL2744,3.594322083,-30.39569444,59759.0131,60132.41076,1288.412,INFRARED,GR150C;F115W,800,2200,Clusters of Galaxies; Abell clusters,Through the looking GLASS: a JWST exploration of galaxy formation and evolution from cosmic dawn to present day,60133.63485,NIRISS/WFSS,"Treu, Tommaso L.",1324,ERS,JWST,-999,CALJWST,POLYGON 3.61566792 -30.4145566 3.57252534 -30.41437319 3.5729716 -30.37687049 3.61608797 -30.37708431 3.61566792 -30.4145566,mast:JWST/product/jw01324-c1000_s00550_niriss_f115w-gr150c_cal.jpg,mast:JWST/product/jw01324-c1000_s00550_niriss_f115w-gr150c_x1d.fits,PUBLIC,False,NaN,science,216238818,560905128
spectrum,3,JWST,jw01181-c1001_s32058_nirspec_f170lp-g235m,1181-MERGED-APT-CLEAN-CLEAN,189.1338629,62.26666111,59979.85261,59982.58134,3063.666,Infrared,F170LP;G235M,1660,5000,,NIRCam-NIRSpec galaxy assembly survey - GOODS-N,60348.04921,NIRSPEC/MSA,"Eisenstein, Daniel J.",1181,GTO,JWST,-999,CALJWST,POLYGON 189.114651552 62.299046099 189.11524683 62.299046099 189.11524683 62.298255815 189.114651552 62.298255815,mast:JWST/product/jw01181-c1001_s32058_nirspec_f170lp-g235m_cal.jpg,mast:JWST/product/jw01181-c1001_s32058_nirspec_f170lp-g235m_s2d.fits,PUBLIC,False,NaN,science,184319059,436872115
spectrum,3,JWST,jw01181-o098_s55720_nirspec_f070lp-g140m,21_3_23_mediumjwst_trim_ta5_v2,189.2135646,62.21797222,60091.87815,60092.50285,3063.666,Infrared,F070LP;G140M,700,5000,,NIRCam-NIRSpec galaxy assembly survey - GOODS-N,60157.57574,NIRSPEC/MSA,"Eisenstein, Daniel J.",1181,GTO,JWST,-999,CALJWST,POLYGON 189.209361111 62.199408876 189.211172691 62.199408876 189.211172691 62.199380857 189.209361111 62.199380857,mast:JWST/product/jw01181-o098_s55720_nirspec_f070lp-g140m_cal.jpg,mast:JWST/product/jw01181-o098_s55720_nirspec_f070lp-g140m_s2d.fits,PUBLIC,False,NaN,science,140277645,427849302
spectrum,3,JWST,jw01215-o014_s01728_nirspec_f170lp-g235h,WIDE2033,34.29951333,-5.228866667,60176.26533,60176.35006,1604.778,INFRARED,F170LP;G235H,1660,5000,,NIRSpec WIDE MOS Survey - UDS,60542.89775,NIRSPEC/MSA,"Luetzgendorf, Nora",1215,GTO,JWST,-999,CALJWST,POLYGON 34.269366548 -5.261189378 34.26981891 -5.261189378 34.26981891 -5.261896356 34.269366548 -5.261896356,mast:JWST/product/jw01215-o014_s01728_nirspec_f170lp-g235h_cal.jpg,mast:JWST/product/jw01215-o014_s01728_nirspec_f170lp-g235h_s2d.fits,EXCLUSIVE_ACCESS,False,NaN,science,169675036,563600828
image,2,JWST,jw03990557001_02201_00003_nrcblong,UNKNOWN,217.5271021,12.14122189,60504.18508,60504.19751,1052.203,INFRARED,F277W,2416,3127,,A NIRCam Pure-Parallel Imaging Survey of Galaxies Across the Universe,60504.68503,NIRCAM/IMAGE,"Morishita, Takahiro",3990,GO,JWST,-999,CALJWST,POLYGON 217.518285356 12.16526857 217.551410775 12.149719067 217.53618766 12.11754247 217.502439412 12.132417517,mast:JWST/product/jw03990557001_02201_00003_nrcblong_cal.jpg,mast:JWST/product/jw03990557001_02201_00003_nrcblong_cal.fits,PUBLIC,False,NaN,science,219394715,555286222
spectrum,3,JWST,jw02738-o004_s02364_niriss_f200w-gr150r,JWST-NEP-TDS-FIELD,260.6995667,65.82265,59996.32809,59996.55802,687.153,INFRARED,GR150R;F200W,800,2300,Unidentified; Infrared sources; Radio sources; Variable radiation sources; Visible sources; X-ray sources,JWST Medium-Deep Fields -- Windhorst/Hammel GTO North Ecliptic Pole Fields,60361.79329,NIRISS/WFSS,"Windhorst, Rogier A.",2738,GTO,JWST,-999,CALJWST,POLYGON 260.74448006 65.80377953 260.65370412 65.80396258 260.65456027 65.84146562 260.74544824 65.84125147 260.74448006 65.80377953,mast:JWST/product/jw02738-o004_s02364_niriss_f200w-gr150r_cal.jpg,mast:JWST/product/jw02738-o004_s02364_niriss_f200w-gr150r_x1d.fits,PUBLIC,False,NaN,science,220526253,560906549
spectrum,3,JWST,jw01180-o029_s00019_nirspec_f170lp-g235m,GS-MEDIUM-HST,53.15372125,-27.78036944,59861.37064,59861.70757,3063.666,Infrared,F170LP;G235M,1660,5000,,NIRCam-NIRSpec galaxy assembly survey - GOODS-S - part #1athen,60227.03569,NIRSPEC/MSA,"Eisenstein, Daniel J.",1180,GTO,JWST,-999,CALJWST,POLYGON 53.20890996 -27.80953236 53.209865452 -27.80953236 53.209865452 -27.809578066 53.20890996 -27.809578066,mast:JWST/product/jw01180-o029_s00019_nirspec_f170lp-g235m_cal.jpg,mast:JWST/product/jw01180-o029_s00019_nirspec_f170lp-g235m_s2d.fits,PUBLIC,False,NaN,science,183655501,427599171
spectrum,3,JWST,jw02738-o004_s02584_niriss_f200w-gr150r,JWST-NEP-TDS-FIELD,260.6995667,65.82265,59996.32809,59996.55802,687.153,INFRARED,GR150R;F200W,800,2300,Unidentified; Infrared sources; Radio sources; Variable radiation sources; Visible sources; X-ray sources,JWST Medium-Deep Fields -- Windhorst/Hammel GTO North Ecliptic Pole Fields,60361.79329,NIRISS/WFSS,"Windhorst, Rogier A.",2738,GTO,JWST,-999,CALJWST,POLYGON 260.74448006 65.80377953 260.65370412 65.80396258 260.65456027 65.84146562 260.74544824 65.84125147 260.74448006 65.80377953,mast:JWST/product/jw02738-o004_s02584_niriss_f200w-gr150r_cal.jpg,mast:JWST/product/jw02738-o004_s02584_niriss_f200w-gr150r_x1d.fits,PUBLIC,False,NaN,science,220526835,560905985
spectrum,3,JWST,jw03538-o002_s00082_nircam_f460m-grismr,A370,39.97931958,-1.600719444,60300.72347,60300.78786,880.415,INFRARED,F460M;GRISMR,4515,4747,Clusters of Galaxies; Abell clusters,Unveiling the properties of high-redshift low/intermediate-mass galaxies in Lensing fields with NIRCam Wide Field Slitless Spectroscopy,60301.31854,NIRCAM/GRISM,"Iani, Edoardo",3538,GO,JWST,-999,CALJWST,POLYGON 39.99749628 -1.61889436 39.96115678 -1.61869714 39.96157393 -1.58274992 39.99706246 -1.58268604 39.99749628 -1.61889436,mast:JWST/product/jw03538-o002_s00082_nircam_f460m-grismr_cal.jpg,mast:JWST/product/jw03538-o002_s00082_nircam_f460m-grismr_x1d.fits,PUBLIC,False,NaN,science,213007115,563980828
spectrum,3,JWST,jw01181-o005_s70530_nirspec_clear-prism,1181-MERGED-APT-CLEAN-CLEAN,189.1338629,62.26666111,59980.31592,59980.63591,6127.332,Infrared,CLEAR;PRISM,600,5300,,NIRCam-NIRSpec galaxy assembly survey - GOODS-N,60345.9941,NIRSPEC/MSA,"Eisenstein, Daniel J.",1181,GTO,JWST,-999,CALJWST,POLYGON 189.078703641 62.257797792 189.079316561 62.257797792 189.079316561 62.256999173 189.078703641 62.256999173,mast:JWST/product/jw01181-o005_s70530_nirspec_clear-prism_cal.jpg,mast:JWST/product/jw01181-o005_s70530_nirspec_clear-prism_s2d.fits,PUBLIC,False,NaN,science,127028997,427864530
image,2,JWST,jw01538065001_02105_00002_nis,P177D,239.8065016,47.61165182,60056.21121,60056.21125,3.38,INFRARED,GR150R;F115W,800,2200,Star; G dwarfs,Absolute Flux Calibration (G Dwarfs),60057.07293,NIRISS/WFSS,"Gordon, Karl D.",1538,CAL,JWST,-999,CALJWST,POLYGON 239.816778129 47.624495994 239.819658469 47.623229479 239.789229249 47.591977677 239.786346115 47.593240517,mast:JWST/product/jw01538065001_02105_00002_nis_trapsfilled.jpg,mast:JWST/product/jw01538065001_02105_00002_nis_rateints.fits,PUBLIC,False,NaN,science,128911288,450024647
spectrum,3,JWST,jw01180-o025_s47034_nirspec_f070lp-g140m,GS-MEDIUM-HST,53.15372125,-27.78036944,59859.46621,59859.76516,3063.666,Infrared,F070LP;G140M,700,5000,,NIRCam-NIRSpec galaxy assembly survey - GOODS-S - part #1athen,60225.12631,NIRSPEC/MSA,"Eisenstein, Daniel J.",1180,GTO,JWST,-999,CALJWST,POLYGON 53.100319251 -27.721502682 53.101277096 -27.721502682 53.101277096 -27.721557533 53.100319251 -27.721557533,mast:JWST/product/jw01180-o025_s47034_nirspec_f070lp-g140m_cal.jpg,mast:JWST/product/jw01180-o025_s47034_nirspec_f070lp-g140m_s2d.fits,PUBLIC,False,NaN,science,182493027,427848716
spectrum,3,JWST,jw03538-o008_s00601_nircam_f410m-grismr,A2744,3.562185417,-30.39078889,60249.34225,60249.40826,880.415,INFRARED,F410M;GRISMR,3864,4301,Clusters of Galaxies; Abell clusters,Unveiling the properties of high-redshift low/intermediate-mass galaxies in Lensing fields with NIRCam Wide Field Slitless Spectroscopy,60249.65215,NIRCAM/GRISM,"Iani, Edoardo",3538,GO,JWST,-999,CALJWST,POLYGON 3.58323366 -30.40872053 3.541179 -30.40894554 3.54162142 -30.37279561 3.58266893 -30.37284285 3.58323366 -30.40872053,mast:JWST/product/jw03538-o008_s00601_nircam_f410m-grismr_cal.jpg,mast:JWST/product/jw03538-o008_s00601_nircam_f410m-grismr_x1d.fits,PUBLIC,False,NaN,science,213006633,563974999
image,2,JWST,jw01134009001_02101_00001_nrcb2,HD-84406-TILE-88,146.8817321,63.43090556,59613.65303,59613.65402,75.157,Infrared,F212N,2109,2134,,OTE-01: Initial Image Mosaic,59774.85417,NIRCAM/IMAGE,"Perrin, Marshall",1134,COM,JWST,-999,CALJWST,POLYGON 146.985041701 63.437465017 146.974230148 63.420342502 146.936302167 63.424961507 146.946586443 63.442189989,mast:JWST/product/jw01134009001_02101_00001_nrcb2_cal.jpg,mast:JWST/product/jw01134009001_02101_00001_nrcb2_cal.fits,PUBLIC,False,NaN,science,71647012,306868571
image,2,JWST,jw03486012001_03102_00004_nrs2,2MASS-J22443167+2043433,341.1336481,20.72709827,60482.70156,60482.70172,12.464,INFRARED,CLEAR;PRISM,600,5300,Star; Brown dwarfs,Equator-to-Pole Atmospheric Differences in Giant Exoplanet Analogs,60847.7185,NIRSPEC/SLIT,"Vos, Johanna",3486,GO,JWST,-999,CALJWST,POLYGON 341.134072762 20.72752647 341.133744608 20.726668108 341.13369054 20.726685746 341.134018683 20.727544082,mast:JWST/product/jw03486012001_03102_00004_nrs2_rateints.jpg,mast:JWST/product/jw03486012001_03102_00004_nrs2_rateints.fits,EXCLUSIVE_ACCESS,False,NaN,science,216642052,554013731
spectrum,3,JWST,jw01211-o013_s03075_nirspec_f290lp-g395h,GOODSN2001,189.1492896,62.28030278,60028.1441,60028.24727,1750.666,INFRARED,F290LP;G395H,2870,5140,,NIRSpec WIDE MOS Survey - GOODS-N,60394.93611,NIRSPEC/MSA,"Isaak, Kate",1211,GTO,JWST,-999,CALJWST,POLYGON 189.193818394 62.298660734 189.194533057 62.298660734 189.194533057 62.29821701 189.193818394 62.29821701,mast:JWST/product/jw01211-o013_s03075_nirspec_f290lp-g395h_cal.jpg,mast:JWST/product/jw01211-o013_s03075_nirspec_f290lp-g395h_s2d.fits,PUBLIC,False,NaN,science,120867223,563217591
spectrum,-1,JWST,jw05804008001_xx107_00003_miri,HOPS-56,83.831175,-5.259188889,NaN,NaN,167.229,Infrared,F770W,6600,8800,,HEFE: High Angular Resolution observations of Stellar Emergence in Filamentary Environments,NaN,MIRI/IFU,"Megeath, Tom",5804,GO,JWST,7,APT,POLYGON 83.83229067855 -5.25902002644 83.83235354839 -5.25991109338 83.83131116341 -5.25998774762 83.83126152806 -5.25909067063,,,PUBLIC,False,NaN,science,212625235,393567141
spectrum,3,JWST,jw01187-o022_s00739_nircam_f277w-grismc,LDN-694,295.2708333,10.95555556,59836.19282,59836.28209,150.315,Infrared,F277W;GRISMC,2416,3127,ISM; Dark interstellar clouds; Dense interstellar clouds,Extinction Mapping of Pre-stellar Cores,60201.95034,NIRCAM/GRISM,"Hodapp, Klaus Werner",1187,GTO,JWST,-999,CALJWST,POLYGON 295.28932197 10.93762167 295.25238149 10.93739667 295.25276122 10.97354669 295.2888347 10.97349947 295.28932197 10.93762167,mast:JWST/product/jw01187-o022_s00739_nircam_f277w-grismc_cal.jpg,mast:JWST/product/jw01187-o022_s00739_nircam_f277w-grismc_x1d.fits,PUBLIC,False,NaN,science,176993419,318455588
spectrum,3,JWST,jw03538-o001_s01604_nircam_f300m-grismc,A2744,3.562185417,-30.39078889,60242.28017,60246.84997,773.047,INFRARED,F300M;GRISMC,2829,3155,Clusters of Galaxies; Abell clusters,Unveiling the properties of high-redshift low/intermediate-mass galaxies in Lensing fields with NIRCam Wide Field Slitless Spectroscopy,60247.20804,NIRCAM/GRISM,"Iani, Edoardo",3538,GO,JWST,-999,CALJWST,POLYGON 3.58325304 -30.4089622 3.54113394 -30.40876498 3.54162464 -30.37281784 3.58274296 -30.37275395 3.58325304 -30.4089622,mast:JWST/product/jw03538-o001_s01604_nircam_f300m-grismc_cal.jpg,mast:JWST/product/jw03538-o001_s01604_nircam_f300m-grismc_x1d.fits,PUBLIC,False,NaN,science,213006105,563969138
spectrum,-1,JWST,jw05893009006_xx108_00001_nircam,C3D-09_CWEBTILE-4-3,149.8977967,2.238130556,NaN,NaN,311.366,INFRARED,F115W;F356W,1013,3980,,COSMOS-3D: A Legacy Spectroscopic/Imaging Survey of the Early Universe,NaN,NIRCAM/GRISM,"Kakiichi, Koki",5893,GO,JWST,8,APT,POLYGON 149.84711354579 2.36776518075 149.88053472488 2.35494756776 149.84953631235 2.27161396164 149.81545567306 2.28243213702,,,PUBLIC,False,NaN,science,212628111,451849599
spectrum,3,JWST,jw03325-o012_s03995_nirspec_f290lp-g395m,J0226-MSA-Targets,36.50663333,3.052297222,60304.31904,60334.25713,3501.333,INFRARED,F290LP;G395M,2870,5100,,Mapping the Most Extreme Protoclusters in the Epoch of Reionization,60753.46782,NIRSPEC/MSA,"Wang, Feige",3325,GO,JWST,-999,CALJWST,POLYGON 36.520363318 3.054352135 36.520725363 3.054352135 36.520725363 3.053595558 36.520363318 3.053595558,mast:JWST/product/jw03325-o012_s03995_nirspec_f290lp-g395m_cal.jpg,mast:JWST/product/jw03325-o012_s03995_nirspec_f290lp-g395m_s2d.fits,EXCLUSIVE_ACCESS,False,NaN,science,212761928,454725052
spectrum,3,JWST,jw01181-o011_s01093_nirspec_clear-prism,21_3_23_mediumjwst_trim_ta5,189.2135646,62.21797222,60069.01725,60069.68646,9190.998,Infrared,CLEAR;PRISM,600,5300,,NIRCam-NIRSpec galaxy assembly survey - GOODS-N,60436.65244,NIRSPEC/MSA,"Eisenstein, Daniel J.",1181,GTO,JWST,-999,CALJWST,POLYGON 189.178867964 62.224769923 189.18058143 62.224769923 189.18058143 62.224499839 189.178867964 62.224499839,mast:JWST/product/jw01181-o011_s01093_nirspec_clear-prism_cal.jpg,mast:JWST/product/jw01181-o011_s01093_nirspec_clear-prism_s2d.fits,PUBLIC,False,NaN,science,134185633,428716401
spectrum,3,JWST,jw01207-o003_s00143_nirspec_f100lp-g140m,final_merged_23june2023,53.14988083,-27.79999167,60163.9931,60164.10177,7002.666,INFRARED,F100LP;G140M,700,5000,,MIRI in the Hubble Ultra-Deep Field,60530.4341,NIRSPEC/MSA,"Rieke, George",1207,GTO,JWST,-999,CALJWST,POLYGON 53.170499728 -27.820925836 53.170980258 -27.820925836 53.170980258 -27.821665031 53.170499728 -27.821665031,mast:JWST/product/jw01207-o003_s00143_nirspec_f100lp-g140m_cal.jpg,mast:JWST/product/jw01207-o003_s00143_nirspec_f100lp-g140m_s2d.fits,EXCLUSIVE_ACCESS,False,NaN,science,163256640,532783401
spectrum,3,JWST,jw01085-o012_s02581_niriss_f115w-gr150r,NIRISS-FOCUS-FIELD,82.7995,-68.77833333,59695.69123,59695.71817,214.736,INFRARED,GR150R;F115W,800,2200,Calibration; Focus test,NIRISS CFM Focus Sweep,59779.60396,NIRISS/WFSS,"Martel, Andre",1085,COM,JWST,-999,CALJWST,POLYGON 82.85039811 -68.7971896 82.74752706 -68.79700594 82.74865736 -68.75950349 82.85133223 -68.75971708 82.85039811 -68.7971896,mast:JWST/product/jw01085-o012_s02581_niriss_f115w-gr150r_cal.jpg,mast:JWST/product/jw01085-o012_s02581_niriss_f115w-gr150r_x1d.fits,PUBLIC,False,NaN,science,214655626,496683347
spectrum,-1,JWST,jw04706013001_xx10c_00004_nirspec,PN-TC1-OFF,266.4181704,-46.09448889,NaN,NaN,218.833,INFRARED,F100LP;G140H,810,5000,,Fullerenes in Tc 1: a quantitative study of the interaction of large molecules with their radiative environment.,NaN,NIRSPEC/IFU,"Cami, Jan",4706,GO,JWST,12,APT,POLYGON 266.41808341949 -46.09506856195 266.41724204725 -46.09439789729 266.41816810009 -46.09382546992 266.41900952469 -46.0944959136,,,PUBLIC,False,NaN,science,212589539,529420473
spectrum,3,JWST,jw01187-o073_s01955_nircam_f356w-grismc,LDN-694,295.2708333,10.95555556,59878.31707,59878.35738,150.315,INFRARED,F356W;GRISMC,3140,3980,ISM; Dark interstellar clouds; Dense interstellar clouds,Extinction Mapping of Pre-stellar Cores,60380.494,NIRCAM/GRISM,"Hodapp, Klaus Werner",1187,GTO,JWST,-999,CALJWST,POLYGON 295.28932197 10.93762167 295.25238149 10.93739667 295.25276122 10.97354669 295.2888347 10.97349947 295.28932197 10.93762167,mast:JWST/product/jw01187-o073_s01955_nircam_f356w-grismc_cal.jpg,mast:JWST/product/jw01187-o073_s01955_nircam_f356w-grismc_x1d.fits,PUBLIC,False,NaN,science,176544204,563922405
image,3,JWST,jw02311-o003_t003_miri_f1280w-sub256,DH-TAU-B,67.42318458,26.54939167,59848.1824,59848.18664,124.6,INFRARED,F1280W,11600,14000,Star; Exoplanet Systems,JWST MIRI Imaging Survey of Planetary-mass Companions: Testing the Compact Disk Hypothesis,60213.25396,MIRI/IMAGE,"Wu, Ya-Lin",2311,GO,JWST,-999,CALJWST,POLYGON 67.429673128 26.544714948 67.418003793 26.54363139 67.416795468 26.554040083 67.42846585 26.555123739,mast:JWST/product/jw02311-o003_t003_miri_f1280w-sub256_i2d.jpg,mast:JWST/product/jw02311-o003_t003_miri_f1280w-sub256_i2d.fits,PUBLIC,False,NaN,science,94870069,544960384
spectrum,3,JWST,jw03538-o020_s00939_nircam_f335m-grismc,M0416,64.05019333,-24.09331944,60302.16883,60302.22903,773.047,INFRARED,F335M;GRISMC,3177,3538,Clusters of Galaxies; Rich clusters,Unveiling the properties of high-redshift low/intermediate-mass galaxies in Lensing fields with NIRCam Wide Field Slitless Spectroscopy,60302.9092,NIRCAM/GRISM,"Iani, Edoardo",3538,GO,JWST,-999,CALJWST,POLYGON 64.07009955 -24.11149315 64.03030236 -24.11129593 64.03076431 -24.07534877 64.0696193 -24.07528489 64.07009955 -24.11149315,mast:JWST/product/jw03538-o020_s00939_nircam_f335m-grismc_cal.jpg,mast:JWST/product/jw03538-o020_s00939_nircam_f335m-grismc_x1d.fits,PUBLIC,False,NaN,science,199450568,563978161
spectrum,3,JWST,jw02738-o008_s00232_niriss_f200w-gr150c,JWST-NEP-TDS-FIELD,260.6995667,65.82265,59836.36146,59836.39832,687.153,INFRARED,GR150C;F200W,800,2300,Unidentified; Infrared sources; Radio sources; Variable radiation sources; Visible sources; X-ray sources,JWST Medium-Deep Fields -- Windhorst/Hammel GTO North Ecliptic Pole Fields,59963.60358,NIRISS/WFSS,"Windhorst, Rogier A.",2738,GTO,JWST,-999,CALJWST,POLYGON 260.74448006 65.80377953 260.65370412 65.80396258 260.65456027 65.84146562 260.74544824 65.84125147 260.74448006 65.80377953,mast:JWST/product/jw02738-o008_s00232_niriss_f200w-gr150c_cal.jpg,mast:JWST/product/jw02738-o008_s00232_niriss_f200w-gr150c_x1d.fits,PUBLIC,False,NaN,science,213009754,451500106
image,2,JWST,jw01037028001_02101_00002_mirimage,HD-158165,261.6126701,30.80431585,59750.58086,59750.58088,1.917,INFRARED,FND,5000,27500,Star; K stars,MIRI Coronagraphic Contrast Ratios,59774.85417,MIRI/TARGACQ,"Boccaletti, Anthony",1037,COM,JWST,-999,CALJWST,POLYGON 261.617953548 30.80837747 261.618446827 30.801584432 261.608196847 30.80100326 261.607720361 30.807753177,mast:JWST/product/jw01037028001_02101_00002_mirimage_cal.jpg,mast:JWST/product/jw01037028001_02101_00002_mirimage_cal.fits,PUBLIC,False,NaN,science,87466799,558361363
spectrum,3,JWST,jw02078-o005_s01543_nircam_f356w-grismr,J0229M0808,37.39685833,-8.139716667,59807.34727,59807.3853,472.418,INFRARED,F356W;GRISMR,3140,3980,Galaxy; High-redshift galaxies; Quasars,A SPectroscopic survey of biased halos In the Reionization Era (ASPIRE): A JWST Quasar Legacy Survey,60172.81414,NIRCAM/GRISM,"Wang, Feige",2078,GO,JWST,-999,CALJWST,POLYGON 37.41521352 -8.15789125 37.37851719 -8.15769403 37.37893972 -8.12174683 37.41477413 -8.12168294 37.41521352 -8.15789125,mast:JWST/product/jw02078-o005_s01543_nircam_f356w-grismr_cal.jpg,mast:JWST/product/jw02078-o005_s01543_nircam_f356w-grismr_x1d.fits,PUBLIC,False,NaN,science,216573564,563995340
image,2,JWST,jw01537026001_04107_00004_nrca2,G191-B2B-OFFSET,76.3777076,52.83188838,59830.55483,59830.55628,121.389,INFRARED,F187N;MASKRND,1863,1884,Star; White dwarfs,Absolute Flux Calibration (White Dwarfs),59830.62847,NIRCAM/CORON,"Gordon, Karl D.",1537,CAL,JWST,-999,CALJWST,POLYGON 76.382790311 52.82935093 76.373733158 52.829021865 76.373111638 52.834435238 76.382169139 52.834776086,mast:JWST/product/jw01537026001_04107_00004_nrca2_trapsfilled.jpg,mast:JWST/product/jw01537026001_04107_00004_nrca2_rateints.fits,PUBLIC,False,NaN,science,91537621,449561164
spectrum,3,JWST,jw01090-o001_s03619_niriss_f158m-gr150c,SMP-LMC-58,81.08652083,-70.08375556,59731.80908,59731.81713,107.368,INFRARED,GR150C;F158M,800,2200,Calibration; Planetary nebulae; Wavelength,NIRISS GR150C/R Wavelength Calibration,59774.85417,NIRISS/WFSS,"Martel, Andre",1090,COM,JWST,-999,CALJWST,POLYGON 81.14060943 -70.10261127 81.03129007 -70.10242759 81.03249775 -70.06492517 81.14159545 -70.06513874 81.14060943 -70.10261127,mast:JWST/product/jw01090-o001_s03619_niriss_f158m-gr150c_cal.jpg,mast:JWST/product/jw01090-o001_s03619_niriss_f158m-gr150c_x1d.fits,PUBLIC,False,NaN,science,214658183,496748750
spectrum,3,JWST,jw01180-o026_s00042_nirspec_f170lp-g235m,GS-MEDIUM-HST,53.15372125,-27.78036944,59859.86436,59860.20476,3063.666,Infrared,F170LP;G235M,1660,5000,,NIRCam-NIRSpec galaxy assembly survey - GOODS-S - part #1athen,60225.37219,NIRSPEC/MSA,"Eisenstein, Daniel J.",1180,GTO,JWST,-999,CALJWST,POLYGON 53.093628888 -27.78528381 53.094587976 -27.78528381 53.094587976 -27.785329877 53.093628888 -27.785329877,mast:JWST/product/jw01180-o026_s00042_nirspec_f170lp-g235m_cal.jpg,mast:JWST/product/jw01180-o026_s00042_nirspec_f170lp-g235m_s2d.fits,PUBLIC,False,NaN,science,182502241,427854518
spectrum,3,JWST,jw01345-o069_s29788_nirspec_f100lp-g140m,CEERS-NIRSPEC-P9-MR-MSATA,215.0090554,52.92236111,59934.97545,59935.0382,2042.444,Infrared,F100LP;G140M,700,5000,,The Cosmic Evolution Early Release Science (CEERS) Survey free,59935.26625,NIRSPEC/MSA,"Finkelstein, Steven L.",1345,ERS,JWST,-999,CALJWST,POLYGON 214.973128207 52.896814506 215.031054395 52.896814506 215.031054395 52.896574672 214.973128207 52.896574672,mast:JWST/product/jw01345-o069_s29788_nirspec_f100lp-g140m_cal.jpg,mast:JWST/product/jw01345-o069_s29788_nirspec_f100lp-g140m_s2d.fits,PUBLIC,False,NaN,science,180330989,420725707
spectrum,3,JWST,jw02079-o004_s00739_niriss_f115w-gr150r,HUDF-DEEP-F160W,53.16083625,-27.78328611,59975.84806,59977.30658,5153.65,INFRARED,GR150R;F115W,800,2200,Galaxy; Emission line galaxies; High-redshift galaxies; Lyman-alpha galaxies; Lyman-break galaxies,The Next Generation Deep Extragalactic Exploratory Public (NGDEEP) Survey: Feedback in Low-Mass Galaxies from Cosmic Dawn to Dusk,59979.08911,NIRISS/WFSS,"Finkelstein, Steven L.",2079,GO,JWST,-999,CALJWST,POLYGON 53.18164689 -27.80214844 53.13958601 -27.80196504 53.14002026 -27.76446233 53.18205723 -27.76467616 53.18164689 -27.80214844,mast:JWST/product/jw02079-o004_s00739_niriss_f115w-gr150r_cal.jpg,mast:JWST/product/jw02079-o004_s00739_niriss_f115w-gr150r_x1d.fits,PUBLIC,False,NaN,science,212419144,450761181
spectrum,3,JWST,jw01345-o071_s44864_nirspec_f290lp-g395m,CEERS-NIRSPEC-P10-MR-MSATA,214.9116946,52.85838889,59935.13673,59935.28156,1021.222,Infrared,F290LP;G395M,2870,5100,,The Cosmic Evolution Early Release Science (CEERS) Survey free,59935.67196,NIRSPEC/MSA,"Finkelstein, Steven L.",1345,ERS,JWST,-999,CALJWST,POLYGON 214.878083735 52.828172786 214.878511417 52.828172786 214.878511417 52.828170996 214.878083735 52.828170996,mast:JWST/product/jw01345-o071_s44864_nirspec_f290lp-g395m_cal.jpg,mast:JWST/product/jw01345-o071_s44864_nirspec_f290lp-g395m_s2d.fits,PUBLIC,False,NaN,science,128928378,419820493
image,2,JWST,jw04441096002_02101_00005_nrcblong,HH46,126.43197,-51.01042222,60088.5089,60088.51201,257.682,Infrared,F444W;F470N,3880,4986,Star; Protostars,Multiband Imaging of the Outflows of HH 46/47,60164.4633,NIRCAM/IMAGE,"Pontoppidan, Klaus M.",4441,DD,JWST,-999,CALJWST,POLYGON 126.4228087 -50.952747379 126.472761534 -50.970114427 126.446258619 -51.001413312 126.395245588 -50.984670842,mast:JWST/product/jw04441096002_02101_00005_nrcblong_cal.jpg,mast:JWST/product/jw04441096002_02101_00005_nrcblong_cal.fits,PUBLIC,False,NaN,science,139263710,395783233
spectrum,3,JWST,jw02565-o100_s09367_nirspec_clear-prism,UDS-THREEDHST-FINAL-V7-OBS100,34.30813833,-5.248366667,59792.85574,59792.91269,1969.5,Infrared,CLEAR;PRISM,600,5300,,HOW MANY QUIESCENT GALAXIES ARE THERE AT 3<z<4 REALLY?,60158.35712,NIRSPEC/MSA,"Glazebrook, Karl",2565,GO,JWST,-999,CALJWST,POLYGON 34.331259201 -5.244747378 34.332074909 -5.244747378 34.332074909 -5.245910428 34.331259201 -5.245910428,mast:JWST/product/jw02565-o100_s09367_nirspec_clear-prism_cal.jpg,mast:JWST/product/jw02565-o100_s09367_nirspec_clear-prism_s2d.fits,PUBLIC,False,NaN,science,120830155,443034585
spectrum,3,JWST,jw03788-o007_s00697_nirspec_f100lp-g140h,IC1613-MSA-Catalog,16.11498292,2.154022222,60317.65189,60317.75444,6477.468,Infrared,F100LP;G140H,810,5000,,Alpha Elements and the Baryon Cycle in Isolated Dwarf Galaxies,60355.6609,NIRSPEC/MSA,"Weisz, Daniel R.",3788,GO,JWST,-999,CALJWST,POLYGON 16.11706585 2.179273944 16.117244046 2.179273944 16.117244046 2.178916495 16.11706585 2.178916495,mast:JWST/product/jw03788-o007_s00697_nirspec_f100lp-g140h_cal.jpg,mast:JWST/product/jw03788-o007_s00697_nirspec_f100lp-g140h_s2d.fits,PUBLIC,False,NaN,science,201050454,445395666
spectrum,3,JWST,jw01324-o001_s00685_niriss_f200w-gr150c,ABELL2744,3.594322083,-30.39569444,59759.3661,59759.42891,1288.412,INFRARED,GR150C;F200W,800,2300,Clusters of Galaxies; Abell clusters,Through the looking GLASS: a JWST exploration of galaxy formation and evolution from cosmic dawn to present day,59774.54167,NIRISS/WFSS,"Treu, Tommaso L.",1324,ERS,JWST,-999,CALJWST,POLYGON 3.61566792 -30.4145566 3.57252534 -30.41437319 3.5729716 -30.37687049 3.61608797 -30.37708431 3.61566792 -30.4145566,mast:JWST/product/jw01324-o001_s00685_niriss_f200w-gr150c_cal.jpg,mast:JWST/product/jw01324-o001_s00685_niriss_f200w-gr150c_x1d.fits,PUBLIC,False,NaN,science,212847011,447827134
image,-1,JWST,jw05578002002_xx10n_00005_miri,M0416,64.03491667,-24.07244444,NaN,NaN,1387.52,Infrared,F1000W,9000,11000,,The MIRI deep imaging survey of the lensing clusters Abell2744 and MACS0416,NaN,MIRI/IMAGE,"Iani, Edoardo",5578,GO,JWST,23,APT,POLYGON 64.05589706259 -24.08978796143 64.03344965736 -24.08808838058 64.03653448638 -24.05688053269 64.05873599872 -24.05847794218,,,PUBLIC,False,NaN,science,212623930,397797256
cube,3,JWST,jw01257-o001_t001_miri_ch4-shortmediumlong,HH211,55.99206292,32.01195278,59969.88417,59970.41684,14385.888,INFRARED,CH4,17700,27900,ISM; Herbig-Haro objects,The Young Protostellar Outflow HH211,60335.70712,MIRI/IFU,"Ray, Thomas P.",1257,GTO,JWST,-999,CALJWST,POLYGON 55.984386023 32.007589802 55.984386023 32.015562024 56.001126646 32.015562024 56.001126646 32.007589802,mast:JWST/product/jw01257-o001_t001_miri_ch4-shortmediumlong_s3d.jpg,mast:JWST/product/jw01257-o001_t001_miri_ch4-shortmediumlong_s3d.fits,PUBLIC,False,NaN,science,118549815,527552827
spectrum,3,JWST,jw01187-o015_s01319_nircam_f430m-grismc,LDN-663,294.25,7.568611111,60059.03001,60059.08196,171.788,Infrared,F430M;GRISMC,4167,4398,ISM; Dark interstellar clouds; Dense interstellar clouds,Extinction Mapping of Pre-stellar Cores,60425.70081,NIRCAM/GRISM,"Hodapp, Klaus Werner",1187,GTO,JWST,-999,CALJWST,POLYGON 294.26831156 7.5506774 294.23172488 7.5504524 294.23210166 7.58660241 294.26782828 7.58655519 294.26831156 7.5506774,mast:JWST/product/jw01187-o015_s01319_nircam_f430m-grismc_cal.jpg,mast:JWST/product/jw01187-o015_s01319_nircam_f430m-grismc_x1d.fits,PUBLIC,False,NaN,science,176520813,430785717
image,3,JWST,jw01192-o015_t015_miri_f1130w,HORSEHEAD-FILAMENT-IMAGING,85.22354167,-2.467861111,59974.38475,59974.3992,1040.64,INFRARED,F1130W,10950,11650,ISM; Photodissociation regions; Reflection nebulae,Physics and Chemistry of PDR Fronts,60339.72284,MIRI/IMAGE,"Misselt, Karl",1192,GTO,JWST,-999,CALJWST,POLYGON 85.193329854 -2.368367182 85.223518217 -2.359018408 85.233012392 -2.389622354 85.202823424 -2.398971336,mast:JWST/product/jw01192-o015_t015_miri_f1130w_i2d.jpg,mast:JWST/product/jw01192-o015_t015_miri_f1130w_i2d.fits,PUBLIC,False,NaN,science,112511005,522005006
image,2,JWST,jw02784001001_05101_00001_nrs2,GRB221009A-OT,288.2645917,19.77340556,60054.61945,60054.64495,2188.333,Infrared,F100LP;G140M,700,5000,Star; Gamma Ray transients; Supernovae,Late Time Observations of GRB 221009A: The First Search for r-Process Nucleosynthesis in a Collapsar,60056.24487,NIRSPEC/SLIT,"Blanchard, Peter",2784,DD,JWST,-999,CALJWST,POLYGON 288.264743034 19.773547276 288.264191847 19.772797647 288.264144795 19.772827778 288.264695965 19.773577384,mast:JWST/product/jw02784001001_05101_00001_nrs2_rateints.jpg,mast:JWST/product/jw02784001001_05101_00001_nrs2_rateints.fits,PUBLIC,False,NaN,science,128710663,443342244
image,2,JWST,jw01037028001_02101_00002_mirimage,HD-158165,353.3376474,27.38870762,67827.96615,76052.54177,2.71879191,INFRARED,FND,4959.060084,27491.64531,Star; K stars,MIRI Coronagraphic Contrast Ratios,59774.85417,MIRI/TARGACQ,"Boccaletti, Anthony",1037,COM,JWST,-999,CALJWST,POLYGON 261.617953548 30.80837747 261.618446827 30.801584432 261.608196847 30.80100326 261.607720361 30.807753177,mast:JWST/product/jw01037028001_02101_00002_mirimage_cal.jpg,mast:JWST/product/jw01037028001_02101_00002_mirimage_cal.fits,PUBLIC,False,,science,87466799,558361363
spectrum,3,JWST,jw04291-o006_s00662_nirspec_f170lp-g235h,Obs6_4291_40,320.3599173,63.15032176,66658.35278,69221.07869,2545.553109,INFRARED,F170LP;G235H,1606.926567,5008.462894,,Galaxy angular momentum alignment with filaments at z ~ 3: The effect of large scale structure on galaxies,60400.43941,NIRSPEC/MSA,"Kassin, Susan",4291,GO,JWST,-999,CALJWST,POLYGON 214.949157686 52.904936777 214.949496925 52.904936777 214.949496925 52.90409896 214.949157686 52.90409896,mast:JWST/product/jw04291-o006_s00662_nirspec_f170lp-g235h_cal.jpg,mast:JWST/product/jw04291-o006_s00662_nirspec_f170lp-g235h_s2d.fits,PUBLIC,False,,science,213030044,449883539
spectrum,-1,JWST,jw05804008001_xx107_00003_miri,HOPS-56,157.5032283,3.095886789,,,247.9360279,Infrared,F770W,6555.002275,8814.831476,,HEFE: High Angular Resolution observations of Stellar Emergence in Filamentary Environments,,MIRI/IFU,"Megeath, Tom",5804,GO,JWST,7,APT,POLYGON 83.83229067855 -5.25902002644 83.83235354839 -5.25991109338 83.83131116341 -5.25998774762 83.83126152806 -5.25909067063,,,PUBLIC,False,,science,212625235,393567141
spectrum,-1,JWST,jw05073001001_xx12w_00004_nirspec,Uranus,550.1368021,17.33338692,,,404.8058456,INFRARED,F290LP;G395H,2879.29632,5072.936532,,What drives the aurora of Uranus?,,NIRSPEC/IFU,"Melin, Henrik",5073,GO,JWST,104,APT,POLYGON 359.99994770849 -0.00041342477 359.99936423943 0.00025723615 6.43138e-06 0.00082966728 0.00058993501 0.00015922053,,,PUBLIC,True,,science,217678047,504060027
spectrum,3,JWST,jw03362-o011_s00665_niriss_f090w-gr150c,MACSJ1149+2223,297.2368338,47.9274736,70912.32906,75773.09747,1637.645202,Infrared,GR150C;F090W,584.6137874,2179.144713,Clusters of Galaxies; Rich clusters,JWST in Technicolor: Finding and Mapping the Most Extreme Star Forming Galaxies in the Epoch of Reionization with Medium and Narrow Bands,60439.68479,NIRISS/WFSS,"Muzzin, Adam",3362,GO,JWST,-999,CALJWST,POLYGON 177.41928272 22.37940712 177.37904669 22.3795904 177.37944986 22.41709322 177.41968773 22.41687929 177.41928272 22.37940712,mast:JWST/product/jw03362-o011_s00665_niriss_f090w-gr150c_cal.jpg,mast:JWST/product/jw03362-o011_s00665_niriss_f090w-gr150c_x1d.fits,PUBLIC,False,,science,214604390,427432655
spectrum,3,JWST,jw01473-o016_s00209_nirspec_clear-prism,LMC-ASTROMETRIC-FIELD,142.4826502,-107.3372876,74545.96947,66182.28161,2170.800445,INFRARED,CLEAR;PRISM,530.3827595,5258.74559,Calibration; Astrometric,OTE-28.3: PSF check 3,60039.6899,NIRSPEC/MSA,"Perrin, Marshall",1473,COM,JWST,-999,CALJWST,POLYGON 80.341473065 -69.602433853 80.343912825 -69.602433853 80.343912825 -69.602456118 80.341473065 -69.602456118,mast:JWST/product/jw01473-o016_s00209_nirspec_clear-prism_cal.jpg,mast:JWST/product/jw01473-o016_s00209_nirspec_clear-prism_s2d.fits,PUBLIC,False,,science,97286814,522871342
spectrum,3,JWST,jw01213-o004_s02632_nirspec_clear-prism,P2020,366.7812414,92.35228777,74666.46301,77950.53144,3441.618152,INFRARED,CLEAR;PRISM,560.6264662,5348.502361,,NIRSpec WIDE MOS Survey - AEGIS,60378.63219,NIRSPEC/MSA,"Luetzgendorf, Nora",1213,GTO,JWST,-999,CALJWST,POLYGON 214.840158078 52.825379103 214.840560595 52.825379103 214.840560595 52.824569465 214.840158078 52.824569465,mast:JWST/product/jw01213-o004_s02632_nirspec_clear-prism_cal.jpg,mast:JWST/product/jw01213-o004_s02632_nirspec_clear-prism_s2d.fits,PUBLIC,False,,science,128214445,563222134
image,3,JWST,jw02311-o003_t003_miri_f1280w-sub256,DH-TAU-B,122.3358691,61.57342303,69520.37633,71458.0707,168.0648637,INFRARED,F1280W,11559.50017,13995.2481,Star; Exoplanet Systems,JWST MIRI Imaging Survey of Planetary-mass Companions: Testing the Compact Disk Hypothesis,60213.25396,MIRI/IMAGE,"Wu, Ya-Lin",2311,GO,JWST,-999,CALJWST,POLYGON 67.429673128 26.544714948 67.418003793 26.54363139 67.416795468 26.554040083 67.42846585 26.555123739,mast:JWST/product/jw02311-o003_t003_miri_f1280w-sub256_i2d.jpg,mast:JWST/product/jw02311-o003_t003_miri_f1280w-sub256_i2d.fits,PUBLIC,False,,science,94870069,544960384
cube,3,JWST,jw02151-c1007_t006_miri_ch1-shortmediumlong,SER-EMB-7,395.6860609,22.51411196,72596.88619,69437.60505,9373.575892,INFRARED,CH1,4931.408684,7727.347703,ISM; Protostars,Blazing the trail of COMs from ice to gas,60437.98892,MIRI/IFU,"Yang, Yao-Lun",2151,GO,JWST,-999,CALJWST,POLYGON 277.224431508 0.490758818 277.224431508 0.492203262 277.22609268 0.492203262 277.22609268 0.490758818,mast:JWST/product/jw02151-c1007_t006_miri_ch1-shortmediumlong_s3d.jpg,mast:JWST/product/jw02151-c1007_t006_miri_ch1-shortmediumlong_s3d.fits,PUBLIC,False,,science,135731272,540912963
spectrum,3,JWST,jw01214-o002_s03804_nirspec_f170lp-g235h,WIDE2024,202.9216333,17.90017323,72450.51497,76968.27541,2668.314733,INFRARED,F170LP;G235H,1693.963294,4983.811911,,NIRSpec WIDE MOS Survey - COSMOS,60653.33959,NIRSPEC/MSA,"Luetzgendorf, Nora",1214,GTO,JWST,-999,CALJWST,POLYGON 150.111985078 2.405338244 150.112806855 2.405338244 150.112806855 2.405058202 150.111985078 2.405058202,mast:JWST/product/jw01214-o002_s03804_nirspec_f170lp-g235h_cal.jpg,mast:JWST/product/jw01214-o002_s03804_nirspec_f170lp-g235h_s2d.fits,EXCLUSIVE_ACCESS,False,,science,198539629,563581743
image,2,JWST,jw03990100001_02201_00010_nrcalong,UNKNOWN,111.7507173,-64.20453644,74063.42104,75407.83189,1754.676977,Infrared,F410M,3807.693909,4351.6291,,A NIRCam Pure-Parallel Imaging Survey of Galaxies Across the Universe,60348.55918,NIRCAM/IMAGE,"Morishita, Takahiro",3990,GO,JWST,-999,CALJWST,POLYGON 70.364838835 -46.0268962 70.412337977 -46.012136079 70.433638301 -46.044301103 70.386979244 -46.059734385,mast:JWST/product/jw03990100001_02201_00010_nrcalong_cal.jpg,mast:JWST/product/jw03990100001_02201_00010_nrcalong_cal.fits,PUBLIC,False,,science,210677135,407291695
image,2,JWST,jw02514137001_04201_00001_nrca4,UNKNOWN,24.77695402,-25.62481397,69311.78476,77780.54996,2812.225517,Infrared,F115W,1092.638478,1329.73522,,PANORAMIC -- A Pure Parallel Wide Area Legacy Imaging Survey at 1-5 Micron,60266.44164,NIRCAM/IMAGE,"Williams, Christina C",2514,GO,JWST,-999,CALJWST,POLYGON 24.45134447 -21.877690908 24.463922698 -21.86442562 24.478102228 -21.875926742 24.465745739 -21.889246004,mast:JWST/product/jw02514137001_04201_00001_nrca4_cal.jpg,mast:JWST/product/jw02514137001_04201_00001_nrca4_cal.fits,PUBLIC,False,,science,192285211,422046912
spectrum,-1,JWST,jw05893009006_xx108_00001_nircam,C3D-09_CWEBTILE-4-3,218.5429997,-2.935185947,,,404.8406111,INFRARED,F115W;F356W,975.6849623,3924.114807,,COSMOS-3D: A Legacy Spectroscopic/Imaging Survey of the Early Universe,,NIRCAM/GRISM,"Kakiichi, Koki",5893,GO,JWST,8,APT,POLYGON 149.84711354579 2.36776518075 149.88053472488 2.35494756776 149.84953631235 2.27161396164 149.81545567306 2.28243213702,,,PUBLIC,False,,science,212628111,451849599
spectrum,3,JWST,jw01671-o001_s37234_nirspec_f170lp-g235m,MUSE-DR2-MXDF-V2,105.7793647,-20.1167968,77531.18383,72432.44279,56762.07922,INFRARED,F170LP;G235M,1736.258393,5001.311804,,Emission line galaxies beyond the limits of the Hubble UDF: Physical conditions in ultra-faint star forming galaxies,60200.05575,NIRSPEC/MSA,"Maseda, Michael",1671,GO,JWST,-999,CALJWST,POLYGON 53.168192949 -27.736964713 53.169113431 -27.736964713 53.169113431 -27.737540347 53.168192949 -27.737540347,mast:JWST/product/jw01671-o001_s37234_nirspec_f170lp-g235m_cal.jpg,mast:JWST/product/jw01671-o001_s37234_nirspec_f170lp-g235m_s2d.fits,PUBLIC,False,,science,93541683,564018752
spectrum,3,JWST,jw01345-o071_s44864_nirspec_f290lp-g395m,CEERS-NIRSPEC-P10-MR-MSATA,303.833368,96.69249307,71763.2419,72788.91177,1452.08833,Infrared,F290LP;G395M,2855.765922,5131.330049,,The Cosmic Evolution Early Release Science (CEERS) Survey free,59935.67196,NIRSPEC/MSA,"Finkelstein, Steven L.",1345,ERS,JWST,-999,CALJWST,POLYGON 214.878083735 52.828172786 214.878511417 52.828172786 214.878511417 52.828170996 214.878083735 52.828170996,mast:JWST/product/jw01345-o071_s44864_nirspec_f290lp-g395m_cal.jpg,mast:JWST/product/jw01345-o071_s44864_nirspec_f290lp-g395m_s2d.fits,PUBLIC,False,,science,128928378,419820493
spectrum,3,JWST,jw01090-o001_s04949_niriss_f158m-gr150r,SMP-LMC-58,111.6576465,-128.3443212,76529.59347,77416.41599,146.6499079,INFRARED,GR150R;F158M,725.2881173,2257.337409,Calibration; Planetary nebulae; Wavelength,NIRISS GR150C/R Wavelength Calibration,59774.85417,NIRISS/WFSS,"Martel, Andre",1090,COM,JWST,-999,CALJWST,POLYGON 81.14060943 -70.10261127 81.03129007 -70.10242759 81.03249775 -70.06492517 81.14159545 -70.06513874 81.14060943 -70.10261127,mast:JWST/product/jw01090-o001_s04949_niriss_f158m-gr150r_cal.jpg,mast:JWST/product/jw01090-o001_s04949_niriss_f158m-gr150r_x1d.fits,PUBLIC,False,,science,217676960,563897490
spectrum,3,JWST,jw01207-o003_s00143_nirspec_f100lp-g140m,final_merged_23june2023,102.0485372,-52.53117815,71407.37233,67087.13991,10599.48573,INFRARED,F100LP;G140M,675.2113997,4972.153425,,MIRI in the Hubble Ultra-Deep Field,60530.4341,NIRSPEC/MSA,"Rieke, George",1207,GTO,JWST,-999,CALJWST,POLYGON 53.170499728 -27.820925836 53.170980258 -27.820925836 53.170980258 -27.821665031 53.170499728 -27.821665031,mast:JWST/product/jw01207-o003_s00143_nirspec_f100lp-g140m_cal.jpg,mast:JWST/product/jw01207-o003_s00143_nirspec_f100lp-g140m_s2d.fits,EXCLUSIVE_ACCESS,False,,science,163256640,532783401
spectrum,3,JWST,jw01085-o012_s02581_niriss_f115w-gr150r,NIRISS-FOCUS-FIELD,163.0932278,-109.2456055,69844.89486,69315.05061,320.8009795,INFRARED,GR150R;F115W,821.4962152,2155.238568,Calibration; Focus test,NIRISS CFM Focus Sweep,59779.60396,NIRISS/WFSS,"Martel, Andre",1085,COM,JWST,-999,CALJWST,POLYGON 82.85039811 -68.7971896 82.74752706 -68.79700594 82.74865736 -68.75950349 82.85133223 -68.75971708 82.85039811 -68.7971896,mast:JWST/product/jw01085-o012_s02581_niriss_f115w-gr150r_cal.jpg,mast:JWST/product/jw01085-o012_s02581_niriss_f115w-gr150r_x1d.fits,PUBLIC,False,,science,214655626,496683347
spectrum,3,JWST,jw01208-o008_s00115_niriss_f200w-gr150c,MACSJ1149+2223,293.7725729,34.42734437,73835.61583,68378.41289,1422.255877,INFRARED,GR150C;F200W,828.9128722,2333.783925,Clusters of Galaxies; Rich clusters,CANUCS: The CAnadian NIRISS Unbiased Cluster Survey,60443.78737,NIRISS/WFSS,"Willott, Chris J.",1208,GTO,JWST,-999,CALJWST,POLYGON 177.41928272 22.37940712 177.37904669 22.3795904 177.37944986 22.41709322 177.41968773 22.41687929 177.41928272 22.37940712,mast:JWST/product/jw01208-o008_s00115_niriss_f200w-gr150c_cal.jpg,mast:JWST/product/jw01208-o008_s00115_niriss_f200w-gr150c_x1d.fits,PUBLIC,False,,science,214420642,563625639
spectrum,3,JWST,jw01090-o001_s09327_niriss_f158m-gr150c,SMP-LMC-58,147.9533086,-83.88883969,73696.19883,68912.29705,151.1489054,INFRARED,GR150C;F158M,804.9495333,2249.520167,Calibration; Planetary nebulae; Wavelength,NIRISS GR150C/R Wavelength Calibration,59774.85417,NIRISS/WFSS,"Martel, Andre",1090,COM,JWST,-999,CALJWST,POLYGON 81.14060943 -70.10261127 81.03129007 -70.10242759 81.03249775 -70.06492517 81.14159545 -70.06513874 81.14060943 -70.10261127,mast:JWST/product/jw01090-o001_s09327_niriss_f158m-gr150c_cal.jpg,mast:JWST/product/jw01090-o001_s09327_niriss_f158m-gr150c_x1d.fits,PUBLIC,False,,science,217676528,563887370
